user_id,product_id,rating,product_name,segment
52,76,2,Product_76,Electronics
93,46,2,Product_46,Electronics
15,32,5,Product_32,Clothing
72,79,4,Product_79,Books
61,80,2,Product_80,Toys
21,54,3,Product_54,Books
83,86,3,Product_86,Electronics
87,92,5,Product_92,Clothing
75,20,5,Product_20,Toys
75,33,1,Product_33,Home
88,74,1,Product_74,Books
100,40,1,Product_40,Toys
24,32,5,Product_32,Clothing
3,97,5,Product_97,Clothing
22,2,5,Product_2,Clothing
53,97,3,Product_97,Clothing
2,33,5,Product_33,Home
88,77,3,Product_77,Clothing
30,30,1,Product_30,Toys
38,33,1,Product_33,Home
2,77,1,Product_77,Clothing
64,26,2,Product_26,Electronics
60,22,2,Product_22,Clothing
21,66,4,Product_66,Electronics
33,38,4,Product_38,Home
76,90,4,Product_90,Toys
58,46,2,Product_46,Electronics
22,15,2,Product_15,Toys
89,98,4,Product_98,Home
49,44,4,Product_44,Books
91,49,5,Product_49,Books
59,75,4,Product_75,Toys
42,61,5,Product_61,Electronics
92,67,3,Product_67,Clothing
60,6,2,Product_6,Electronics
80,9,4,Product_9,Books
15,6,2,Product_6,Electronics
62,73,2,Product_73,Home
62,95,2,Product_95,Toys
47,32,3,Product_32,Clothing
62,41,1,Product_41,Electronics
51,76,4,Product_76,Electronics
55,8,1,Product_8,Home
64,72,1,Product_72,Clothing
3,50,1,Product_50,Toys
51,92,2,Product_92,Clothing
7,62,5,Product_62,Clothing
21,84,2,Product_84,Books
73,62,2,Product_62,Clothing
39,7,1,Product_7,Clothing
18,75,2,Product_75,Toys
4,84,1,Product_84,Books
89,80,5,Product_80,Toys
60,4,4,Product_4,Books
14,6,1,Product_6,Electronics
9,58,5,Product_58,Home
90,22,4,Product_22,Clothing
53,26,3,Product_26,Electronics
2,3,1,Product_3,Home
84,41,1,Product_41,Electronics
92,60,3,Product_60,Toys
60,14,3,Product_14,Books
71,75,1,Product_75,Toys
44,82,3,Product_82,Clothing
8,12,2,Product_12,Clothing
47,87,4,Product_87,Clothing
35,12,4,Product_12,Clothing
78,13,4,Product_13,Home
81,25,2,Product_25,Toys
36,45,3,Product_45,Toys
50,19,5,Product_19,Books
4,55,3,Product_55,Toys
2,100,1,Product_100,Toys
6,45,4,Product_45,Toys
54,8,3,Product_8,Home
4,93,5,Product_93,Home
54,53,1,Product_53,Home
93,55,2,Product_55,Toys
63,32,2,Product_32,Clothing
18,51,5,Product_51,Electronics
90,44,1,Product_44,Books
44,82,4,Product_82,Clothing
34,70,3,Product_70,Toys
74,18,1,Product_18,Home
62,83,2,Product_83,Home
100,22,5,Product_22,Clothing
14,37,5,Product_37,Clothing
95,96,3,Product_96,Electronics
48,56,5,Product_56,Electronics
15,59,5,Product_59,Books
72,3,1,Product_3,Home
78,28,4,Product_28,Home
87,74,3,Product_74,Books
62,35,1,Product_35,Toys
40,61,4,Product_61,Electronics
85,93,1,Product_93,Home
80,54,1,Product_54,Books
82,63,5,Product_63,Home
53,79,4,Product_79,Books
24,97,3,Product_97,Clothing
26,7,3,Product_7,Clothing
89,76,4,Product_76,Electronics
60,49,5,Product_49,Books
41,94,2,Product_94,Books
29,85,1,Product_85,Toys
15,31,5,Product_31,Electronics
45,58,4,Product_58,Home
65,61,1,Product_61,Electronics
89,24,3,Product_24,Books
71,20,2,Product_20,Toys
9,37,3,Product_37,Clothing
88,4,4,Product_4,Books
1,92,1,Product_92,Clothing
8,20,4,Product_20,Toys
88,60,1,Product_60,Toys
63,24,5,Product_24,Books
11,50,2,Product_50,Toys
81,49,5,Product_49,Books
8,51,5,Product_51,Electronics
35,96,4,Product_96,Electronics
35,36,2,Product_36,Electronics
33,98,1,Product_98,Home
5,100,1,Product_100,Toys
41,66,3,Product_66,Electronics
28,79,1,Product_79,Books
7,34,4,Product_34,Books
73,36,5,Product_36,Electronics
72,6,5,Product_6,Electronics
12,39,5,Product_39,Books
34,42,2,Product_42,Clothing
33,58,1,Product_58,Home
48,12,4,Product_12,Clothing
23,3,2,Product_3,Home
62,18,3,Product_18,Home
88,40,4,Product_40,Toys
37,21,4,Product_21,Electronics
99,15,4,Product_15,Toys
44,97,5,Product_97,Clothing
86,99,4,Product_99,Books
91,26,1,Product_26,Electronics
35,8,4,Product_8,Home
65,100,5,Product_100,Toys
99,94,4,Product_94,Books
47,87,3,Product_87,Clothing
78,42,3,Product_42,Clothing
3,44,5,Product_44,Books
1,14,1,Product_14,Books
5,78,1,Product_78,Home
90,2,2,Product_2,Clothing
14,37,5,Product_37,Clothing
27,69,4,Product_69,Books
9,38,5,Product_38,Home
79,41,2,Product_41,Electronics
15,62,5,Product_62,Clothing
90,60,5,Product_60,Toys
42,14,2,Product_14,Books
77,89,1,Product_89,Books
51,84,4,Product_84,Books
63,2,2,Product_2,Clothing
96,70,3,Product_70,Toys
52,17,1,Product_17,Clothing
96,89,3,Product_89,Books
4,28,1,Product_28,Home
94,66,4,Product_66,Electronics
23,35,4,Product_35,Toys
15,5,5,Product_5,Toys
43,65,3,Product_65,Toys
29,40,1,Product_40,Toys
36,76,4,Product_76,Electronics
13,56,2,Product_56,Electronics
32,36,4,Product_36,Electronics
71,45,2,Product_45,Toys
59,23,1,Product_23,Home
86,47,4,Product_47,Clothing
28,31,4,Product_31,Electronics
66,11,1,Product_11,Electronics
42,10,4,Product_10,Toys
45,67,2,Product_67,Clothing
62,14,4,Product_14,Books
57,80,3,Product_80,Toys
6,74,5,Product_74,Books
28,93,2,Product_93,Home
28,10,3,Product_10,Toys
44,76,1,Product_76,Electronics
84,94,2,Product_94,Books
30,1,5,Product_1,Electronics
62,5,5,Product_5,Toys
75,20,1,Product_20,Toys
92,8,1,Product_8,Home
89,43,2,Product_43,Home
62,76,4,Product_76,Electronics
97,1,1,Product_1,Electronics
1,57,4,Product_57,Clothing
27,64,3,Product_64,Books
62,84,5,Product_84,Books
77,28,4,Product_28,Home
3,37,5,Product_37,Clothing
70,47,4,Product_47,Clothing
72,76,3,Product_76,Electronics
27,37,1,Product_37,Clothing
9,49,3,Product_49,Books
62,44,1,Product_44,Books
37,56,1,Product_56,Electronics
97,28,5,Product_28,Home
51,79,3,Product_79,Books
44,6,4,Product_6,Electronics
24,61,3,Product_61,Electronics
79,20,5,Product_20,Toys
59,78,1,Product_78,Home
32,2,5,Product_2,Clothing
96,73,2,Product_73,Home
88,37,2,Product_37,Clothing
52,20,4,Product_20,Toys
62,26,5,Product_26,Electronics
58,29,4,Product_29,Books
52,1,4,Product_1,Electronics
12,35,2,Product_35,Toys
39,70,4,Product_70,Toys
2,59,2,Product_59,Books
3,69,1,Product_69,Books
56,33,5,Product_33,Home
81,51,4,Product_51,Electronics
59,78,2,Product_78,Home
2,12,3,Product_12,Clothing
2,20,4,Product_20,Toys
92,53,1,Product_53,Home
54,88,1,Product_88,Home
87,43,3,Product_43,Home
96,98,2,Product_98,Home
97,89,4,Product_89,Books
1,50,2,Product_50,Toys
19,29,1,Product_29,Books
2,57,2,Product_57,Clothing
53,39,1,Product_39,Books
44,95,2,Product_95,Toys
90,56,3,Product_56,Electronics
32,43,5,Product_43,Home
70,50,3,Product_50,Toys
32,23,3,Product_23,Home
68,44,5,Product_44,Books
55,38,5,Product_38,Home
75,84,4,Product_84,Books
56,23,4,Product_23,Home
17,45,3,Product_45,Toys
38,52,3,Product_52,Clothing
24,80,1,Product_80,Toys
69,50,1,Product_50,Toys
98,8,4,Product_8,Home
70,85,4,Product_85,Toys
86,1,1,Product_1,Electronics
11,8,1,Product_8,Home
16,29,2,Product_29,Books
97,96,2,Product_96,Electronics
73,5,1,Product_5,Toys
59,86,2,Product_86,Electronics
70,47,5,Product_47,Clothing
80,34,4,Product_34,Books
93,65,4,Product_65,Toys
3,55,1,Product_55,Toys
20,90,3,Product_90,Toys
59,43,1,Product_43,Home
36,74,2,Product_74,Books
19,30,3,Product_30,Toys
90,82,2,Product_82,Clothing
67,17,5,Product_17,Clothing
19,26,2,Product_26,Electronics
20,8,5,Product_8,Home
96,47,5,Product_47,Clothing
71,76,2,Product_76,Electronics
52,91,2,Product_91,Electronics
33,72,5,Product_72,Clothing
40,89,3,Product_89,Books
39,46,5,Product_46,Electronics
82,68,4,Product_68,Home
1,33,5,Product_33,Home
11,1,3,Product_1,Electronics
92,19,4,Product_19,Books
57,31,1,Product_31,Electronics
89,80,1,Product_80,Toys
50,14,3,Product_14,Books
23,53,5,Product_53,Home
31,48,2,Product_48,Home
94,69,3,Product_69,Books
42,90,4,Product_90,Toys
99,62,4,Product_62,Clothing
7,92,1,Product_92,Clothing
16,66,4,Product_66,Electronics
90,64,3,Product_64,Books
60,70,4,Product_70,Toys
2,63,3,Product_63,Home
1,73,2,Product_73,Home
48,33,1,Product_33,Home
12,41,4,Product_41,Electronics
69,89,3,Product_89,Books
37,48,5,Product_48,Home
32,13,1,Product_13,Home
9,73,2,Product_73,Home
99,77,3,Product_77,Clothing
19,31,2,Product_31,Electronics
48,75,2,Product_75,Toys
80,68,4,Product_68,Home
3,98,4,Product_98,Home
20,4,3,Product_4,Books
24,19,5,Product_19,Books
54,70,3,Product_70,Toys
33,98,5,Product_98,Home
24,82,2,Product_82,Clothing
75,13,1,Product_13,Home
72,23,3,Product_23,Home
36,83,3,Product_83,Home
38,75,5,Product_75,Toys
84,1,2,Product_1,Electronics
99,88,2,Product_88,Home
89,54,5,Product_54,Books
99,71,2,Product_71,Electronics
25,89,4,Product_89,Books
93,85,1,Product_85,Toys
18,15,3,Product_15,Toys
82,65,1,Product_65,Toys
66,76,3,Product_76,Electronics
54,71,4,Product_71,Electronics
35,15,2,Product_15,Toys
80,21,5,Product_21,Electronics
61,19,4,Product_19,Books
41,60,1,Product_60,Toys
100,93,5,Product_93,Home
33,89,2,Product_89,Books
68,33,4,Product_33,Home
33,49,5,Product_49,Books
14,96,4,Product_96,Electronics
21,35,4,Product_35,Toys
48,44,2,Product_44,Books
20,90,3,Product_90,Toys
8,11,5,Product_11,Electronics
7,99,2,Product_99,Books
67,72,4,Product_72,Clothing
17,78,2,Product_78,Home
33,74,3,Product_74,Books
48,66,5,Product_66,Electronics
76,46,3,Product_46,Electronics
59,9,1,Product_9,Books
86,3,5,Product_3,Home
22,85,3,Product_85,Toys
30,26,4,Product_26,Electronics
38,72,5,Product_72,Clothing
51,48,5,Product_48,Home
54,66,2,Product_66,Electronics
8,70,4,Product_70,Toys
27,28,1,Product_28,Home
27,93,3,Product_93,Home
98,26,2,Product_26,Electronics
21,25,3,Product_25,Toys
30,12,1,Product_12,Clothing
97,5,1,Product_5,Toys
28,98,5,Product_98,Home
64,48,1,Product_48,Home
97,37,3,Product_37,Clothing
69,79,4,Product_79,Books
61,44,4,Product_44,Books
48,100,5,Product_100,Toys
19,15,3,Product_15,Toys
4,43,3,Product_43,Home
35,48,1,Product_48,Home
64,87,3,Product_87,Clothing
49,70,2,Product_70,Toys
17,46,1,Product_46,Electronics
44,43,2,Product_43,Home
92,21,5,Product_21,Electronics
30,23,4,Product_23,Home
93,80,5,Product_80,Toys
46,47,4,Product_47,Clothing
6,15,5,Product_15,Toys
99,25,3,Product_25,Toys
37,36,2,Product_36,Electronics
24,75,4,Product_75,Toys
93,51,1,Product_51,Electronics
46,15,2,Product_15,Toys
53,68,1,Product_68,Home
95,21,2,Product_21,Electronics
99,13,2,Product_13,Home
60,86,5,Product_86,Electronics
97,19,4,Product_19,Books
63,34,4,Product_34,Books
85,78,2,Product_78,Home
32,68,3,Product_68,Home
87,52,3,Product_52,Clothing
33,27,1,Product_27,Clothing
67,29,1,Product_29,Books
18,28,5,Product_28,Home
25,35,2,Product_35,Toys
95,8,1,Product_8,Home
54,16,1,Product_16,Electronics
58,36,2,Product_36,Electronics
67,30,5,Product_30,Toys
46,18,1,Product_18,Home
24,2,5,Product_2,Clothing
32,49,4,Product_49,Books
47,77,5,Product_77,Clothing
86,4,3,Product_4,Books
23,90,3,Product_90,Toys
66,89,5,Product_89,Books
27,94,3,Product_94,Books
2,75,4,Product_75,Toys
90,7,2,Product_7,Clothing
17,95,3,Product_95,Toys
33,74,3,Product_74,Books
9,39,5,Product_39,Books
43,13,4,Product_13,Home
48,31,2,Product_31,Electronics
39,71,5,Product_71,Electronics
93,63,5,Product_63,Home
42,56,4,Product_56,Electronics
26,42,2,Product_42,Clothing
99,61,4,Product_61,Electronics
50,42,2,Product_42,Clothing
25,56,4,Product_56,Electronics
24,36,5,Product_36,Electronics
13,84,5,Product_84,Books
60,68,1,Product_68,Home
7,7,3,Product_7,Clothing
57,54,4,Product_54,Books
36,1,1,Product_1,Electronics
45,44,3,Product_44,Books
20,45,4,Product_45,Toys
65,47,2,Product_47,Clothing
8,13,3,Product_13,Home
16,22,5,Product_22,Clothing
14,21,1,Product_21,Electronics
76,86,3,Product_86,Electronics
87,92,3,Product_92,Clothing
15,9,5,Product_9,Books
92,26,4,Product_26,Electronics
98,9,2,Product_9,Books
66,15,5,Product_15,Toys
32,10,2,Product_10,Toys
87,88,4,Product_88,Home
63,42,3,Product_42,Clothing
86,72,2,Product_72,Clothing
51,24,1,Product_24,Books
25,80,1,Product_80,Toys
58,49,5,Product_49,Books
63,26,4,Product_26,Electronics
62,91,5,Product_91,Electronics
22,37,5,Product_37,Clothing
58,68,5,Product_68,Home
58,50,1,Product_50,Toys
86,24,1,Product_24,Books
49,19,5,Product_19,Books
52,100,1,Product_100,Toys
42,60,4,Product_60,Toys
70,39,5,Product_39,Books
15,74,1,Product_74,Books
54,89,2,Product_89,Books
60,18,5,Product_18,Home
97,19,5,Product_19,Books
8,36,4,Product_36,Electronics
53,74,3,Product_74,Books
60,97,3,Product_97,Clothing
5,55,4,Product_55,Toys
68,69,4,Product_69,Books
6,47,4,Product_47,Clothing
96,49,3,Product_49,Books
94,99,4,Product_99,Books
47,98,1,Product_98,Home
99,33,5,Product_33,Home
55,21,5,Product_21,Electronics
40,81,2,Product_81,Electronics
52,22,2,Product_22,Clothing
16,48,5,Product_48,Home
13,37,1,Product_37,Clothing
30,15,3,Product_15,Toys
19,35,3,Product_35,Toys
17,92,1,Product_92,Clothing
63,71,3,Product_71,Electronics
19,32,4,Product_32,Clothing
92,11,5,Product_11,Electronics
58,10,5,Product_10,Toys
55,73,1,Product_73,Home
90,78,3,Product_78,Home
90,77,2,Product_77,Clothing
62,57,2,Product_57,Clothing
23,25,3,Product_25,Toys
9,2,2,Product_2,Clothing
12,64,1,Product_64,Books
1,35,1,Product_35,Toys
58,7,3,Product_7,Clothing
1,85,2,Product_85,Toys
34,18,1,Product_18,Home
96,67,1,Product_67,Clothing
48,42,4,Product_42,Clothing
89,39,4,Product_39,Books
1,41,1,Product_41,Electronics
16,75,3,Product_75,Toys
61,24,5,Product_24,Books
64,60,5,Product_60,Toys
63,46,1,Product_46,Electronics
69,19,1,Product_19,Books
22,68,1,Product_68,Home
93,90,3,Product_90,Toys
67,42,4,Product_42,Clothing
76,32,1,Product_32,Clothing
26,39,1,Product_39,Books
16,36,2,Product_36,Electronics
51,97,3,Product_97,Clothing
86,36,1,Product_36,Electronics
57,3,2,Product_3,Home
29,73,5,Product_73,Home
78,8,1,Product_8,Home
92,97,1,Product_97,Clothing
69,70,2,Product_70,Toys
47,41,3,Product_41,Electronics
94,68,1,Product_68,Home
62,13,5,Product_13,Home
69,49,1,Product_49,Books
76,60,5,Product_60,Toys
16,2,4,Product_2,Clothing
90,60,4,Product_60,Toys
90,5,5,Product_5,Toys
48,44,3,Product_44,Books
85,27,1,Product_27,Clothing
39,32,1,Product_32,Clothing
100,21,4,Product_21,Electronics
33,8,5,Product_8,Home
94,72,1,Product_72,Clothing
23,50,1,Product_50,Toys
10,67,3,Product_67,Clothing
69,44,2,Product_44,Books
100,58,4,Product_58,Home
34,3,4,Product_3,Home
52,86,2,Product_86,Electronics
95,70,1,Product_70,Toys
10,2,3,Product_2,Clothing
19,87,3,Product_87,Clothing
58,44,4,Product_44,Books
96,2,3,Product_2,Clothing
1,81,2,Product_81,Electronics
69,35,1,Product_35,Toys
4,98,2,Product_98,Home
16,87,5,Product_87,Clothing
24,30,4,Product_30,Toys
80,8,3,Product_8,Home
2,22,5,Product_22,Clothing
92,44,3,Product_44,Books
32,58,1,Product_58,Home
91,36,1,Product_36,Electronics
84,69,1,Product_69,Books
24,77,3,Product_77,Clothing
12,93,5,Product_93,Home
50,31,1,Product_31,Electronics
35,47,5,Product_47,Clothing
33,55,3,Product_55,Toys
33,80,5,Product_80,Toys
61,62,3,Product_62,Clothing
51,30,3,Product_30,Toys
43,55,4,Product_55,Toys
12,16,3,Product_16,Electronics
67,12,3,Product_12,Clothing
65,17,2,Product_17,Clothing
33,16,1,Product_16,Electronics
40,12,4,Product_12,Clothing
74,8,4,Product_8,Home
43,84,4,Product_84,Books
44,3,2,Product_3,Home
29,16,3,Product_16,Electronics
13,30,1,Product_30,Toys
12,23,5,Product_23,Home
95,92,3,Product_92,Clothing
46,5,2,Product_5,Toys
2,84,3,Product_84,Books
35,65,3,Product_65,Toys
87,30,2,Product_30,Toys
81,21,4,Product_21,Electronics
90,84,4,Product_84,Books
8,70,1,Product_70,Toys
93,22,1,Product_22,Clothing
26,82,4,Product_82,Clothing
74,72,5,Product_72,Clothing
90,32,3,Product_32,Clothing
34,33,5,Product_33,Home
7,16,3,Product_16,Electronics
68,76,4,Product_76,Electronics
58,38,1,Product_38,Home
75,98,1,Product_98,Home
29,14,5,Product_14,Books
36,36,1,Product_36,Electronics
89,97,4,Product_97,Clothing
21,23,5,Product_23,Home
36,66,3,Product_66,Electronics
10,85,1,Product_85,Toys
73,2,2,Product_2,Clothing
24,91,1,Product_91,Electronics
64,73,3,Product_73,Home
99,65,5,Product_65,Toys
49,75,3,Product_75,Toys
99,67,2,Product_67,Clothing
36,52,4,Product_52,Clothing
82,62,1,Product_62,Clothing
96,23,5,Product_23,Home
24,26,4,Product_26,Electronics
23,68,3,Product_68,Home
62,82,5,Product_82,Clothing
96,55,4,Product_55,Toys
37,6,5,Product_6,Electronics
12,35,2,Product_35,Toys
55,22,2,Product_22,Clothing
13,43,1,Product_43,Home
23,15,1,Product_15,Toys
89,86,2,Product_86,Electronics
99,60,5,Product_60,Toys
30,12,2,Product_12,Clothing
17,49,1,Product_49,Books
62,42,2,Product_42,Clothing
84,38,2,Product_38,Home
89,82,5,Product_82,Clothing
86,45,4,Product_45,Toys
13,35,1,Product_35,Toys
59,30,5,Product_30,Toys
19,88,2,Product_88,Home
49,30,2,Product_30,Toys
100,78,4,Product_78,Home
12,6,1,Product_6,Electronics
61,67,1,Product_67,Clothing
19,80,3,Product_80,Toys
76,7,1,Product_7,Clothing
9,52,4,Product_52,Clothing
71,14,3,Product_14,Books
28,73,3,Product_73,Home
78,15,2,Product_15,Toys
95,21,2,Product_21,Electronics
52,35,1,Product_35,Toys
83,66,3,Product_66,Electronics
16,91,2,Product_91,Electronics
69,2,4,Product_2,Clothing
99,35,2,Product_35,Toys
12,82,2,Product_82,Clothing
25,78,3,Product_78,Home
52,20,3,Product_20,Toys
85,82,5,Product_82,Clothing
100,10,4,Product_10,Toys
53,25,3,Product_25,Toys
23,66,1,Product_66,Electronics
16,25,4,Product_25,Toys
57,54,4,Product_54,Books
39,33,3,Product_33,Home
53,36,4,Product_36,Electronics
42,95,3,Product_95,Toys
58,14,2,Product_14,Books
39,65,5,Product_65,Toys
14,80,2,Product_80,Toys
95,54,3,Product_54,Books
5,52,3,Product_52,Clothing
35,3,2,Product_3,Home
87,99,1,Product_99,Books
93,41,1,Product_41,Electronics
75,6,1,Product_6,Electronics
18,25,3,Product_25,Toys
76,13,4,Product_13,Home
9,98,3,Product_98,Home
74,8,4,Product_8,Home
58,21,2,Product_21,Electronics
17,98,5,Product_98,Home
7,68,4,Product_68,Home
46,25,1,Product_25,Toys
13,79,3,Product_79,Books
40,68,2,Product_68,Home
42,45,1,Product_45,Toys
9,60,2,Product_60,Toys
50,12,5,Product_12,Clothing
27,32,3,Product_32,Clothing
66,96,3,Product_96,Electronics
5,92,5,Product_92,Clothing
29,13,3,Product_13,Home
37,31,4,Product_31,Electronics
38,78,2,Product_78,Home
83,20,1,Product_20,Toys
8,18,5,Product_18,Home
65,93,4,Product_93,Home
86,60,1,Product_60,Toys
17,63,1,Product_63,Home
71,6,5,Product_6,Electronics
89,32,4,Product_32,Clothing
45,93,1,Product_93,Home
4,43,1,Product_43,Home
36,2,4,Product_2,Clothing
70,60,3,Product_60,Toys
31,23,1,Product_23,Home
19,83,2,Product_83,Home
61,31,4,Product_31,Electronics
54,5,1,Product_5,Toys
39,83,5,Product_83,Home
91,34,2,Product_34,Books
74,10,1,Product_10,Toys
90,89,2,Product_89,Books
19,2,2,Product_2,Clothing
39,11,3,Product_11,Electronics
67,50,2,Product_50,Toys
45,31,3,Product_31,Electronics
13,56,4,Product_56,Electronics
92,79,3,Product_79,Books
58,73,5,Product_73,Home
20,87,1,Product_87,Clothing
92,83,4,Product_83,Home
72,9,4,Product_9,Books
61,99,5,Product_99,Books
39,21,3,Product_21,Electronics
1,73,1,Product_73,Home
3,28,3,Product_28,Home
77,62,2,Product_62,Clothing
92,7,3,Product_7,Clothing
62,80,4,Product_80,Toys
63,16,1,Product_16,Electronics
25,97,3,Product_97,Clothing
56,4,1,Product_4,Books
33,4,1,Product_4,Books
38,40,2,Product_40,Toys
6,17,2,Product_17,Clothing
58,52,4,Product_52,Clothing
44,93,5,Product_93,Home
45,52,1,Product_52,Clothing
32,36,5,Product_36,Electronics
45,38,4,Product_38,Home
61,50,1,Product_50,Toys
47,63,1,Product_63,Home
21,63,5,Product_63,Home
80,62,3,Product_62,Clothing
85,99,2,Product_99,Books
75,7,3,Product_7,Clothing
36,27,5,Product_27,Clothing
99,92,2,Product_92,Clothing
19,86,3,Product_86,Electronics
20,14,2,Product_14,Books
57,71,1,Product_71,Electronics
18,86,3,Product_86,Electronics
47,5,2,Product_5,Toys
49,55,2,Product_55,Toys
14,2,2,Product_2,Clothing
15,62,3,Product_62,Clothing
31,91,4,Product_91,Electronics
1,21,3,Product_21,Electronics
54,79,5,Product_79,Books
3,21,3,Product_21,Electronics
16,10,2,Product_10,Toys
87,87,1,Product_87,Clothing
57,58,3,Product_58,Home
75,39,3,Product_39,Books
12,5,2,Product_5,Toys
74,65,1,Product_65,Toys
96,13,1,Product_13,Home
16,85,5,Product_85,Toys
72,90,3,Product_90,Toys
76,85,1,Product_85,Toys
24,53,1,Product_53,Home
28,82,4,Product_82,Clothing
8,45,4,Product_45,Toys
92,32,1,Product_32,Clothing
36,36,5,Product_36,Electronics
90,81,1,Product_81,Electronics
8,99,2,Product_99,Books
58,60,3,Product_60,Toys
60,11,5,Product_11,Electronics
50,63,2,Product_63,Home
28,21,5,Product_21,Electronics
92,52,2,Product_52,Clothing
41,55,3,Product_55,Toys
100,26,3,Product_26,Electronics
64,68,4,Product_68,Home
27,34,2,Product_34,Books
63,52,4,Product_52,Clothing
17,82,2,Product_82,Clothing
73,99,4,Product_99,Books
33,93,3,Product_93,Home
84,52,5,Product_52,Clothing
77,29,4,Product_29,Books
92,38,2,Product_38,Home
29,42,2,Product_42,Clothing
13,21,3,Product_21,Electronics
46,42,2,Product_42,Clothing
35,13,1,Product_13,Home
6,64,5,Product_64,Books
82,17,4,Product_17,Clothing
69,9,5,Product_9,Books
47,41,3,Product_41,Electronics
25,1,4,Product_1,Electronics
66,2,4,Product_2,Clothing
10,60,1,Product_60,Toys
56,48,3,Product_48,Home
30,29,2,Product_29,Books
5,97,1,Product_97,Clothing
33,10,1,Product_10,Toys
65,58,5,Product_58,Home
18,60,5,Product_60,Toys
96,21,5,Product_21,Electronics
49,28,1,Product_28,Home
11,75,2,Product_75,Toys
85,34,4,Product_34,Books
26,8,5,Product_8,Home
63,59,2,Product_59,Books
89,86,3,Product_86,Electronics
86,72,5,Product_72,Clothing
59,49,4,Product_49,Books
27,79,3,Product_79,Books
49,17,3,Product_17,Clothing
77,60,4,Product_60,Toys
33,87,5,Product_87,Clothing
98,88,1,Product_88,Home
99,45,4,Product_45,Toys
1,83,4,Product_83,Home
21,69,4,Product_69,Books
55,32,3,Product_32,Clothing
6,44,2,Product_44,Books
92,65,1,Product_65,Toys
81,87,5,Product_87,Clothing
69,8,5,Product_8,Home
95,77,2,Product_77,Clothing
5,72,4,Product_72,Clothing
3,87,1,Product_87,Clothing
53,43,5,Product_43,Home
23,1,5,Product_1,Electronics
53,51,4,Product_51,Electronics
37,24,2,Product_24,Books
74,99,1,Product_99,Books
74,24,2,Product_24,Books
83,17,2,Product_17,Clothing
17,5,1,Product_5,Toys
85,20,1,Product_20,Toys
78,21,5,Product_21,Electronics
73,58,5,Product_58,Home
1,31,1,Product_31,Electronics
51,100,3,Product_100,Toys
45,11,5,Product_11,Electronics
77,52,3,Product_52,Clothing
4,15,1,Product_15,Toys
62,83,5,Product_83,Home
65,7,2,Product_7,Clothing
32,28,1,Product_28,Home
34,51,4,Product_51,Electronics
92,58,3,Product_58,Home
95,5,1,Product_5,Toys
72,5,1,Product_5,Toys
39,94,5,Product_94,Books
26,96,5,Product_96,Electronics
34,8,5,Product_8,Home
54,64,4,Product_64,Books
3,10,5,Product_10,Toys
50,38,1,Product_38,Home
12,96,5,Product_96,Electronics
65,92,2,Product_92,Clothing
54,81,5,Product_81,Electronics
5,95,4,Product_95,Toys
94,8,2,Product_8,Home
94,25,1,Product_25,Toys
57,73,1,Product_73,Home
17,66,3,Product_66,Electronics
47,79,2,Product_79,Books
23,50,3,Product_50,Toys
79,67,2,Product_67,Clothing
85,49,2,Product_49,Books
14,36,4,Product_36,Electronics
66,68,3,Product_68,Home
75,78,4,Product_78,Home
51,41,2,Product_41,Electronics
38,89,1,Product_89,Books
64,62,2,Product_62,Clothing
98,10,4,Product_10,Toys
38,21,3,Product_21,Electronics
50,36,3,Product_36,Electronics
98,12,4,Product_12,Clothing
82,91,3,Product_91,Electronics
30,2,5,Product_2,Clothing
79,13,1,Product_13,Home
91,53,1,Product_53,Home
51,32,1,Product_32,Clothing
63,95,3,Product_95,Toys
98,16,3,Product_16,Electronics
52,32,2,Product_32,Clothing
38,32,2,Product_32,Clothing
97,98,1,Product_98,Home
88,11,5,Product_11,Electronics
79,10,2,Product_10,Toys
30,15,2,Product_15,Toys
51,17,3,Product_17,Clothing
81,40,5,Product_40,Toys
5,18,1,Product_18,Home
29,55,2,Product_55,Toys
4,73,5,Product_73,Home
10,25,5,Product_25,Toys
56,59,1,Product_59,Books
17,78,5,Product_78,Home
74,89,5,Product_89,Books
17,22,5,Product_22,Clothing
84,30,2,Product_30,Toys
88,84,1,Product_84,Books
69,85,5,Product_85,Toys
34,44,5,Product_44,Books
6,32,2,Product_32,Clothing
53,51,1,Product_51,Electronics
66,46,3,Product_46,Electronics
77,21,2,Product_21,Electronics
43,99,1,Product_99,Books
75,32,5,Product_32,Clothing
23,94,1,Product_94,Books
55,39,1,Product_39,Books
80,12,1,Product_12,Clothing
95,47,3,Product_47,Clothing
75,18,1,Product_18,Home
16,21,3,Product_21,Electronics
8,13,5,Product_13,Home
4,21,3,Product_21,Electronics
4,8,5,Product_8,Home
56,46,5,Product_46,Electronics
25,7,3,Product_7,Clothing
67,23,2,Product_23,Home
96,96,4,Product_96,Electronics
67,75,1,Product_75,Toys
27,86,4,Product_86,Electronics
93,22,1,Product_22,Clothing
32,89,1,Product_89,Books
50,22,5,Product_22,Clothing
61,92,1,Product_92,Clothing
51,29,1,Product_29,Books
19,13,3,Product_13,Home
21,82,4,Product_82,Clothing
5,2,3,Product_2,Clothing
82,29,1,Product_29,Books
92,85,5,Product_85,Toys
42,79,3,Product_79,Books
61,52,3,Product_52,Clothing
22,27,2,Product_27,Clothing
21,50,1,Product_50,Toys
70,95,5,Product_95,Toys
1,79,3,Product_79,Books
5,23,3,Product_23,Home
12,88,5,Product_88,Home
90,44,1,Product_44,Books
46,77,2,Product_77,Clothing
34,22,3,Product_22,Clothing
49,43,2,Product_43,Home
78,37,4,Product_37,Clothing
90,61,1,Product_61,Electronics
45,97,4,Product_97,Clothing
27,56,4,Product_56,Electronics
73,3,4,Product_3,Home
26,63,1,Product_63,Home
47,19,1,Product_19,Books
86,23,5,Product_23,Home
56,29,2,Product_29,Books
94,30,2,Product_30,Toys
63,39,5,Product_39,Books
48,25,5,Product_25,Toys
61,8,4,Product_8,Home
81,58,5,Product_58,Home
26,16,3,Product_16,Electronics
36,72,2,Product_72,Clothing
1,1,5,Product_1,Electronics
8,5,3,Product_5,Toys
99,3,3,Product_3,Home
52,65,3,Product_65,Toys
79,4,3,Product_4,Books
47,99,4,Product_99,Books
56,96,3,Product_96,Electronics
86,64,4,Product_64,Books
14,98,4,Product_98,Home
90,89,3,Product_89,Books
28,10,2,Product_10,Toys
87,21,3,Product_21,Electronics
78,46,3,Product_46,Electronics
88,91,3,Product_91,Electronics
2,27,2,Product_27,Clothing
26,66,1,Product_66,Electronics
14,41,1,Product_41,Electronics
59,13,4,Product_13,Home
56,9,4,Product_9,Books
7,36,2,Product_36,Electronics
3,86,5,Product_86,Electronics
23,90,1,Product_90,Toys
18,58,4,Product_58,Home
38,54,1,Product_54,Books
99,12,2,Product_12,Clothing
15,81,2,Product_81,Electronics
64,78,5,Product_78,Home
89,14,5,Product_14,Books
28,34,2,Product_34,Books
74,53,4,Product_53,Home
39,20,1,Product_20,Toys
57,75,3,Product_75,Toys
17,16,5,Product_16,Electronics
86,95,3,Product_95,Toys
90,70,4,Product_70,Toys
44,56,5,Product_56,Electronics
25,83,3,Product_83,Home
17,58,4,Product_58,Home
13,4,1,Product_4,Books
84,4,4,Product_4,Books
25,20,5,Product_20,Toys
68,10,2,Product_10,Toys
10,24,1,Product_24,Books
67,99,3,Product_99,Books
18,26,5,Product_26,Electronics
100,37,2,Product_37,Clothing
86,85,4,Product_85,Toys
34,54,2,Product_54,Books
8,21,5,Product_21,Electronics
40,74,5,Product_74,Books
83,38,2,Product_38,Home
42,46,4,Product_46,Electronics
41,4,2,Product_4,Books
6,60,5,Product_60,Toys
52,57,5,Product_57,Clothing
26,45,3,Product_45,Toys
64,20,3,Product_20,Toys
98,17,1,Product_17,Clothing
59,71,5,Product_71,Electronics
56,4,3,Product_4,Books
59,93,2,Product_93,Home
70,14,4,Product_14,Books
33,3,2,Product_3,Home
53,88,4,Product_88,Home
22,80,3,Product_80,Toys
21,58,1,Product_58,Home
70,55,2,Product_55,Toys
70,4,2,Product_4,Books
4,24,2,Product_24,Books
94,34,4,Product_34,Books
75,30,3,Product_30,Toys
62,82,2,Product_82,Clothing
62,19,2,Product_19,Books
94,31,1,Product_31,Electronics
95,60,1,Product_60,Toys
24,60,3,Product_60,Toys
55,19,3,Product_19,Books
9,49,5,Product_49,Books
3,63,1,Product_63,Home
31,83,5,Product_83,Home
40,22,4,Product_22,Clothing
36,24,5,Product_24,Books
24,76,2,Product_76,Electronics
95,30,5,Product_30,Toys
6,58,3,Product_58,Home
66,31,4,Product_31,Electronics
84,100,2,Product_100,Toys
92,64,5,Product_64,Books
75,19,4,Product_19,Books
4,48,4,Product_48,Home
79,45,2,Product_45,Toys
6,100,5,Product_100,Toys
94,94,4,Product_94,Books
51,55,4,Product_55,Toys
62,55,1,Product_55,Toys
57,97,4,Product_97,Clothing
66,18,1,Product_18,Home
79,63,5,Product_63,Home
75,92,5,Product_92,Clothing
8,47,5,Product_47,Clothing
26,75,3,Product_75,Toys
51,57,5,Product_57,Clothing
45,45,4,Product_45,Toys
44,33,2,Product_33,Home
5,17,1,Product_17,Clothing
70,70,3,Product_70,Toys
26,4,5,Product_4,Books
68,20,5,Product_20,Toys
19,47,2,Product_47,Clothing
84,91,2,Product_91,Electronics
97,15,3,Product_15,Toys
20,70,1,Product_70,Toys
12,47,5,Product_47,Clothing
47,78,3,Product_78,Home
1,75,4,Product_75,Toys
90,9,4,Product_9,Books
14,90,3,Product_90,Toys
64,16,5,Product_16,Electronics
38,69,3,Product_69,Books
37,61,5,Product_61,Electronics
11,10,2,Product_10,Toys
100,50,3,Product_50,Toys
77,3,5,Product_3,Home
3,77,3,Product_77,Clothing
33,94,3,Product_94,Books
6,70,5,Product_70,Toys
50,81,5,Product_81,Electronics
10,51,1,Product_51,Electronics
5,19,3,Product_19,Books
23,42,4,Product_42,Clothing
10,35,3,Product_35,Toys
44,46,3,Product_46,Electronics
2,26,5,Product_26,Electronics
13,69,3,Product_69,Books
40,93,3,Product_93,Home
2,64,4,Product_64,Books
84,37,5,Product_37,Clothing
65,84,3,Product_84,Books
63,49,2,Product_49,Books
73,21,1,Product_21,Electronics
17,74,4,Product_74,Books
9,64,3,Product_64,Books
75,5,2,Product_5,Toys
15,100,3,Product_100,Toys
24,70,3,Product_70,Toys
38,90,5,Product_90,Toys
35,4,5,Product_4,Books
94,39,5,Product_39,Books
95,35,2,Product_35,Toys
49,1,3,Product_1,Electronics
69,24,1,Product_24,Books
62,57,4,Product_57,Clothing
60,100,5,Product_100,Toys
50,70,5,Product_70,Toys
78,41,3,Product_41,Electronics
75,54,3,Product_54,Books
9,46,2,Product_46,Electronics
34,60,2,Product_60,Toys
76,60,5,Product_60,Toys
99,57,3,Product_57,Clothing
35,31,1,Product_31,Electronics
1,84,4,Product_84,Books
40,24,3,Product_24,Books
64,89,3,Product_89,Books
22,36,2,Product_36,Electronics
60,85,4,Product_85,Toys
64,30,5,Product_30,Toys
93,24,3,Product_24,Books
72,30,5,Product_30,Toys
11,86,3,Product_86,Electronics
14,92,5,Product_92,Clothing
60,7,4,Product_7,Clothing
30,35,2,Product_35,Toys
35,55,4,Product_55,Toys
85,92,1,Product_92,Clothing
37,14,2,Product_14,Books
5,10,4,Product_10,Toys
83,80,1,Product_80,Toys
78,16,3,Product_16,Electronics
26,54,3,Product_54,Books
62,95,5,Product_95,Toys
4,89,2,Product_89,Books
89,77,3,Product_77,Clothing
42,70,2,Product_70,Toys
89,44,3,Product_44,Books
18,73,5,Product_73,Home
40,45,4,Product_45,Toys
72,100,5,Product_100,Toys
39,56,1,Product_56,Electronics
14,84,3,Product_84,Books
32,82,1,Product_82,Clothing
51,57,1,Product_57,Clothing
38,21,2,Product_21,Electronics
97,68,3,Product_68,Home
23,50,1,Product_50,Toys
63,33,4,Product_33,Home
15,91,1,Product_91,Electronics
97,7,4,Product_7,Clothing
25,70,2,Product_70,Toys
17,15,1,Product_15,Toys
97,82,5,Product_82,Clothing
66,32,2,Product_32,Clothing
78,75,4,Product_75,Toys
53,20,2,Product_20,Toys
51,88,1,Product_88,Home
39,15,3,Product_15,Toys
51,48,3,Product_48,Home
70,71,4,Product_71,Electronics
6,21,4,Product_21,Electronics
67,42,3,Product_42,Clothing
7,26,4,Product_26,Electronics
51,14,2,Product_14,Books
72,57,5,Product_57,Clothing
42,37,5,Product_37,Clothing
64,58,2,Product_58,Home
15,21,5,Product_21,Electronics
29,82,1,Product_82,Clothing
33,69,2,Product_69,Books
94,3,4,Product_3,Home
27,87,2,Product_87,Clothing
36,90,3,Product_90,Toys
29,37,4,Product_37,Clothing
38,88,3,Product_88,Home
57,49,4,Product_49,Books
97,19,5,Product_19,Books
27,89,2,Product_89,Books
55,85,1,Product_85,Toys
33,12,4,Product_12,Clothing
68,61,4,Product_61,Electronics
86,41,3,Product_41,Electronics
66,33,5,Product_33,Home
10,50,3,Product_50,Toys
5,68,3,Product_68,Home
74,71,5,Product_71,Electronics
97,86,1,Product_86,Electronics
38,33,3,Product_33,Home
13,81,3,Product_81,Electronics
31,24,4,Product_24,Books
47,61,5,Product_61,Electronics
100,61,2,Product_61,Electronics
88,98,1,Product_98,Home
52,28,1,Product_28,Home
56,58,5,Product_58,Home
15,43,4,Product_43,Home
29,41,4,Product_41,Electronics
8,39,5,Product_39,Books
5,86,4,Product_86,Electronics
29,49,1,Product_49,Books
47,17,1,Product_17,Clothing
68,98,2,Product_98,Home
76,70,5,Product_70,Toys
45,70,3,Product_70,Toys
2,98,3,Product_98,Home
27,65,2,Product_65,Toys
95,74,2,Product_74,Books
36,85,4,Product_85,Toys
36,5,2,Product_5,Toys
26,2,2,Product_2,Clothing
43,22,3,Product_22,Clothing
27,57,4,Product_57,Clothing
69,66,2,Product_66,Electronics
20,74,2,Product_74,Books
11,98,4,Product_98,Home
74,16,5,Product_16,Electronics
38,51,4,Product_51,Electronics
6,39,3,Product_39,Books
72,86,5,Product_86,Electronics
23,76,1,Product_76,Electronics
47,88,4,Product_88,Home
90,40,3,Product_40,Toys
46,38,5,Product_38,Home
12,60,4,Product_60,Toys
90,59,2,Product_59,Books
13,10,4,Product_10,Toys
62,99,1,Product_99,Books
82,64,4,Product_64,Books
89,63,5,Product_63,Home
97,49,5,Product_49,Books
60,64,4,Product_64,Books
43,32,5,Product_32,Clothing
76,7,2,Product_7,Clothing
100,21,4,Product_21,Electronics
68,20,2,Product_20,Toys
5,26,2,Product_26,Electronics
37,68,3,Product_68,Home
72,86,4,Product_86,Electronics
92,15,5,Product_15,Toys
31,85,2,Product_85,Toys
9,79,3,Product_79,Books
51,86,4,Product_86,Electronics
29,92,4,Product_92,Clothing
78,14,1,Product_14,Books
40,27,1,Product_27,Clothing
41,40,2,Product_40,Toys
86,58,1,Product_58,Home
11,28,2,Product_28,Home
23,26,5,Product_26,Electronics
1,63,2,Product_63,Home
46,66,1,Product_66,Electronics
21,25,5,Product_25,Toys
90,3,1,Product_3,Home
36,72,2,Product_72,Clothing
54,44,3,Product_44,Books
87,97,4,Product_97,Clothing
57,42,1,Product_42,Clothing
1,99,2,Product_99,Books
63,6,5,Product_6,Electronics
54,39,1,Product_39,Books
55,52,1,Product_52,Clothing
40,23,4,Product_23,Home
15,89,2,Product_89,Books
21,50,3,Product_50,Toys
47,43,5,Product_43,Home
73,19,2,Product_19,Books
53,69,5,Product_69,Books
9,51,1,Product_51,Electronics
74,11,4,Product_11,Electronics
52,12,4,Product_12,Clothing
57,74,3,Product_74,Books
26,8,4,Product_8,Home
41,24,1,Product_24,Books
35,92,3,Product_92,Clothing
63,41,2,Product_41,Electronics
25,36,4,Product_36,Electronics
90,85,3,Product_85,Toys
75,72,1,Product_72,Clothing
38,55,5,Product_55,Toys
2,9,5,Product_9,Books
7,47,1,Product_47,Clothing
82,15,1,Product_15,Toys
91,48,5,Product_48,Home
34,82,3,Product_82,Clothing
91,42,5,Product_42,Clothing
17,60,1,Product_60,Toys
43,84,4,Product_84,Books
59,70,2,Product_70,Toys
51,12,4,Product_12,Clothing
54,2,4,Product_2,Clothing
24,7,1,Product_7,Clothing
25,80,5,Product_80,Toys
71,3,3,Product_3,Home
52,3,4,Product_3,Home
70,27,5,Product_27,Clothing
88,40,3,Product_40,Toys
33,33,4,Product_33,Home
49,92,3,Product_92,Clothing
29,1,5,Product_1,Electronics
63,8,2,Product_8,Home
22,32,5,Product_32,Clothing
26,48,1,Product_48,Home
28,4,3,Product_4,Books
85,94,2,Product_94,Books
49,70,3,Product_70,Toys
71,19,3,Product_19,Books
81,32,4,Product_32,Clothing
84,9,1,Product_9,Books
49,12,3,Product_12,Clothing
20,11,5,Product_11,Electronics
86,46,5,Product_46,Electronics
92,16,4,Product_16,Electronics
63,1,1,Product_1,Electronics
61,63,1,Product_63,Home
49,21,5,Product_21,Electronics
71,30,2,Product_30,Toys
1,13,4,Product_13,Home
96,34,4,Product_34,Books
13,4,5,Product_4,Books
94,28,5,Product_28,Home
87,95,2,Product_95,Toys
51,59,2,Product_59,Books
56,27,1,Product_27,Clothing
83,69,4,Product_69,Books
62,25,4,Product_25,Toys
32,3,5,Product_3,Home
30,97,1,Product_97,Clothing
29,68,4,Product_68,Home
49,25,1,Product_25,Toys
45,20,1,Product_20,Toys
93,34,5,Product_34,Books
30,26,1,Product_26,Electronics
16,5,2,Product_5,Toys
40,99,2,Product_99,Books
19,61,3,Product_61,Electronics
18,92,5,Product_92,Clothing
1,93,3,Product_93,Home
78,9,2,Product_9,Books
47,50,3,Product_50,Toys
66,6,5,Product_6,Electronics
92,83,5,Product_83,Home
94,60,1,Product_60,Toys
38,44,4,Product_44,Books
51,11,1,Product_11,Electronics
63,66,5,Product_66,Electronics
4,47,2,Product_47,Clothing
1,73,2,Product_73,Home
8,85,1,Product_85,Toys
29,88,5,Product_88,Home
55,98,2,Product_98,Home
3,86,5,Product_86,Electronics
32,3,2,Product_3,Home
10,76,5,Product_76,Electronics
74,92,3,Product_92,Clothing
83,30,5,Product_30,Toys
34,90,5,Product_90,Toys
97,21,1,Product_21,Electronics
87,28,3,Product_28,Home
55,90,4,Product_90,Toys
92,62,1,Product_62,Clothing
32,33,4,Product_33,Home
50,85,2,Product_85,Toys
7,35,4,Product_35,Toys
93,52,5,Product_52,Clothing
8,34,4,Product_34,Books
65,41,1,Product_41,Electronics
57,51,1,Product_51,Electronics
67,47,4,Product_47,Clothing
88,82,1,Product_82,Clothing
87,58,1,Product_58,Home
59,75,4,Product_75,Toys
72,57,3,Product_57,Clothing
54,23,3,Product_23,Home
67,48,2,Product_48,Home
51,22,1,Product_22,Clothing
97,17,4,Product_17,Clothing
92,69,1,Product_69,Books
8,11,5,Product_11,Electronics
34,94,1,Product_94,Books
35,15,1,Product_15,Toys
96,91,3,Product_91,Electronics
88,35,4,Product_35,Toys
78,33,1,Product_33,Home
32,84,3,Product_84,Books
46,16,2,Product_16,Electronics
16,34,3,Product_34,Books
68,66,3,Product_66,Electronics
37,99,3,Product_99,Books
54,40,1,Product_40,Toys
85,28,1,Product_28,Home
14,47,2,Product_47,Clothing
95,39,5,Product_39,Books
55,70,5,Product_70,Toys
48,73,5,Product_73,Home
82,20,2,Product_20,Toys
7,1,5,Product_1,Electronics
74,72,5,Product_72,Clothing
7,87,3,Product_87,Clothing
33,63,1,Product_63,Home
23,67,1,Product_67,Clothing
85,4,3,Product_4,Books
19,58,3,Product_58,Home
19,25,3,Product_25,Toys
36,47,1,Product_47,Clothing
29,38,5,Product_38,Home
60,15,3,Product_15,Toys
82,63,2,Product_63,Home
2,21,3,Product_21,Electronics
1,99,4,Product_99,Books
47,57,3,Product_57,Clothing
69,53,1,Product_53,Home
20,46,3,Product_46,Electronics
11,14,4,Product_14,Books
2,100,2,Product_100,Toys
67,76,5,Product_76,Electronics
87,17,3,Product_17,Clothing
12,39,4,Product_39,Books
20,9,4,Product_9,Books
5,99,2,Product_99,Books
37,77,1,Product_77,Clothing
38,79,3,Product_79,Books
94,82,4,Product_82,Clothing
9,97,2,Product_97,Clothing
98,6,5,Product_6,Electronics
53,91,4,Product_91,Electronics
44,23,2,Product_23,Home
99,59,1,Product_59,Books
86,91,1,Product_91,Electronics
24,98,4,Product_98,Home
81,46,4,Product_46,Electronics
74,38,3,Product_38,Home
30,14,2,Product_14,Books
59,100,4,Product_100,Toys
87,72,3,Product_72,Clothing
96,62,3,Product_62,Clothing
81,35,4,Product_35,Toys
81,19,1,Product_19,Books
14,30,2,Product_30,Toys
9,78,2,Product_78,Home
40,84,1,Product_84,Books
66,25,4,Product_25,Toys
25,40,2,Product_40,Toys
73,88,4,Product_88,Home
22,14,4,Product_14,Books
4,26,3,Product_26,Electronics
26,87,1,Product_87,Clothing
58,22,4,Product_22,Clothing
29,48,5,Product_48,Home
98,83,1,Product_83,Home
87,51,2,Product_51,Electronics
37,3,3,Product_3,Home
75,42,2,Product_42,Clothing
70,19,2,Product_19,Books
18,73,1,Product_73,Home
85,28,2,Product_28,Home
42,84,4,Product_84,Books
100,45,2,Product_45,Toys
41,71,3,Product_71,Electronics
38,78,3,Product_78,Home
34,63,5,Product_63,Home
17,73,3,Product_73,Home
37,19,2,Product_19,Books
25,47,3,Product_47,Clothing
76,14,1,Product_14,Books
87,38,3,Product_38,Home
86,53,4,Product_53,Home
85,61,1,Product_61,Electronics
27,36,5,Product_36,Electronics
57,40,4,Product_40,Toys
31,81,2,Product_81,Electronics
6,30,2,Product_30,Toys
91,9,2,Product_9,Books
40,64,4,Product_64,Books
98,33,4,Product_33,Home
12,52,4,Product_52,Clothing
53,89,1,Product_89,Books
71,14,1,Product_14,Books
10,75,2,Product_75,Toys
45,53,3,Product_53,Home
17,99,2,Product_99,Books
26,59,5,Product_59,Books
85,78,1,Product_78,Home
92,94,4,Product_94,Books
62,41,1,Product_41,Electronics
46,68,4,Product_68,Home
64,68,5,Product_68,Home
2,92,5,Product_92,Clothing
54,8,1,Product_8,Home
65,2,4,Product_2,Clothing
51,86,5,Product_86,Electronics
53,41,2,Product_41,Electronics
36,55,2,Product_55,Toys
26,16,4,Product_16,Electronics
29,93,1,Product_93,Home
21,62,5,Product_62,Clothing
11,48,1,Product_48,Home
40,30,2,Product_30,Toys
11,12,5,Product_12,Clothing
36,35,1,Product_35,Toys
59,11,3,Product_11,Electronics
39,64,4,Product_64,Books
99,50,4,Product_50,Toys
54,85,3,Product_85,Toys
98,21,2,Product_21,Electronics
55,69,5,Product_69,Books
24,48,4,Product_48,Home
22,20,3,Product_20,Toys
69,67,3,Product_67,Clothing
56,44,2,Product_44,Books
33,33,2,Product_33,Home
36,73,1,Product_73,Home
20,61,4,Product_61,Electronics
83,9,1,Product_9,Books
99,68,3,Product_68,Home
81,35,5,Product_35,Toys
62,81,5,Product_81,Electronics
98,98,2,Product_98,Home
73,88,5,Product_88,Home
26,96,5,Product_96,Electronics
66,65,5,Product_65,Toys
73,8,3,Product_8,Home
73,45,5,Product_45,Toys
40,87,5,Product_87,Clothing
17,47,5,Product_47,Clothing
1,40,1,Product_40,Toys
89,76,3,Product_76,Electronics
61,54,2,Product_54,Books
43,76,1,Product_76,Electronics
42,46,4,Product_46,Electronics
25,47,3,Product_47,Clothing
39,15,3,Product_15,Toys
35,19,4,Product_19,Books
3,26,4,Product_26,Electronics
44,52,4,Product_52,Clothing
51,93,2,Product_93,Home
94,22,5,Product_22,Clothing
98,21,3,Product_21,Electronics
12,51,5,Product_51,Electronics
19,38,5,Product_38,Home
44,20,4,Product_20,Toys
59,29,2,Product_29,Books
49,51,1,Product_51,Electronics
61,4,2,Product_4,Books
17,55,5,Product_55,Toys
74,71,2,Product_71,Electronics
57,92,4,Product_92,Clothing
55,28,1,Product_28,Home
47,4,4,Product_4,Books
12,22,1,Product_22,Clothing
62,76,5,Product_76,Electronics
80,45,1,Product_45,Toys
88,67,1,Product_67,Clothing
83,86,1,Product_86,Electronics
8,66,2,Product_66,Electronics
95,88,2,Product_88,Home
21,34,5,Product_34,Books
81,91,1,Product_91,Electronics
87,55,3,Product_55,Toys
80,1,5,Product_1,Electronics
70,72,1,Product_72,Clothing
72,87,1,Product_87,Clothing
25,38,2,Product_38,Home
82,6,5,Product_6,Electronics
89,86,1,Product_86,Electronics
12,25,1,Product_25,Toys
15,82,5,Product_82,Clothing
59,17,3,Product_17,Clothing
26,61,5,Product_61,Electronics
26,12,5,Product_12,Clothing
47,6,3,Product_6,Electronics
32,90,5,Product_90,Toys
10,27,1,Product_27,Clothing
16,8,5,Product_8,Home
71,83,3,Product_83,Home
17,65,4,Product_65,Toys
23,57,5,Product_57,Clothing
26,93,2,Product_93,Home
85,99,1,Product_99,Books
86,40,1,Product_40,Toys
7,14,2,Product_14,Books
14,35,2,Product_35,Toys
79,48,5,Product_48,Home
7,84,2,Product_84,Books
9,56,4,Product_56,Electronics
48,49,3,Product_49,Books
72,13,2,Product_13,Home
59,61,2,Product_61,Electronics
87,49,4,Product_49,Books
93,46,1,Product_46,Electronics
82,62,1,Product_62,Clothing
95,8,5,Product_8,Home
94,43,4,Product_43,Home
39,20,3,Product_20,Toys
99,97,3,Product_97,Clothing
18,90,4,Product_90,Toys
59,39,3,Product_39,Books
17,85,1,Product_85,Toys
14,49,3,Product_49,Books
31,64,3,Product_64,Books
24,62,4,Product_62,Clothing
99,54,4,Product_54,Books
60,9,3,Product_9,Books
45,88,2,Product_88,Home
98,37,4,Product_37,Clothing
3,49,5,Product_49,Books
37,41,5,Product_41,Electronics
43,17,1,Product_17,Clothing
40,88,3,Product_88,Home
90,21,2,Product_21,Electronics
55,51,1,Product_51,Electronics
87,59,3,Product_59,Books
39,39,4,Product_39,Books
15,55,5,Product_55,Toys
4,41,2,Product_41,Electronics
93,39,5,Product_39,Books
86,13,4,Product_13,Home
25,64,3,Product_64,Books
13,11,4,Product_11,Electronics
82,19,4,Product_19,Books
33,11,5,Product_11,Electronics
16,77,2,Product_77,Clothing
42,46,4,Product_46,Electronics
66,45,5,Product_45,Toys
55,1,2,Product_1,Electronics
99,40,3,Product_40,Toys
42,19,3,Product_19,Books
34,76,1,Product_76,Electronics
30,72,5,Product_72,Clothing
13,72,2,Product_72,Clothing
13,61,4,Product_61,Electronics
18,12,3,Product_12,Clothing
32,61,2,Product_61,Electronics
96,33,5,Product_33,Home
99,45,1,Product_45,Toys
39,90,3,Product_90,Toys
46,92,2,Product_92,Clothing
29,69,2,Product_69,Books
62,8,2,Product_8,Home
93,25,5,Product_25,Toys
62,91,5,Product_91,Electronics
57,46,5,Product_46,Electronics
16,87,4,Product_87,Clothing
56,30,2,Product_30,Toys
10,47,3,Product_47,Clothing
30,87,5,Product_87,Clothing
25,49,5,Product_49,Books
84,47,2,Product_47,Clothing
5,84,5,Product_84,Books
65,82,4,Product_82,Clothing
94,18,4,Product_18,Home
49,66,5,Product_66,Electronics
3,68,2,Product_68,Home
45,94,2,Product_94,Books
14,33,2,Product_33,Home
30,36,1,Product_36,Electronics
68,82,5,Product_82,Clothing
18,19,2,Product_19,Books
62,28,4,Product_28,Home
37,40,3,Product_40,Toys
25,84,3,Product_84,Books
48,97,2,Product_97,Clothing
65,76,3,Product_76,Electronics
53,15,3,Product_15,Toys
79,41,1,Product_41,Electronics
73,39,4,Product_39,Books
15,2,4,Product_2,Clothing
49,63,1,Product_63,Home
88,29,1,Product_29,Books
68,74,3,Product_74,Books
12,66,5,Product_66,Electronics
59,51,3,Product_51,Electronics
37,75,1,Product_75,Toys
61,77,4,Product_77,Clothing
43,10,3,Product_10,Toys
70,14,5,Product_14,Books
39,82,3,Product_82,Clothing
56,51,2,Product_51,Electronics
63,73,3,Product_73,Home
46,39,1,Product_39,Books
88,28,4,Product_28,Home
11,3,4,Product_3,Home
62,84,1,Product_84,Books
77,70,2,Product_70,Toys
98,27,1,Product_27,Clothing
25,2,3,Product_2,Clothing
71,93,1,Product_93,Home
52,38,1,Product_38,Home
4,3,2,Product_3,Home
59,16,3,Product_16,Electronics
72,94,5,Product_94,Books
20,40,5,Product_40,Toys
93,2,4,Product_2,Clothing
63,81,1,Product_81,Electronics
54,41,4,Product_41,Electronics
74,12,2,Product_12,Clothing
98,35,5,Product_35,Toys
57,65,1,Product_65,Toys
90,55,2,Product_55,Toys
41,45,2,Product_45,Toys
3,79,1,Product_79,Books
6,90,2,Product_90,Toys
5,85,1,Product_85,Toys
5,62,1,Product_62,Clothing
54,49,3,Product_49,Books
47,95,4,Product_95,Toys
87,25,2,Product_25,Toys
49,23,2,Product_23,Home
9,24,3,Product_24,Books
99,38,3,Product_38,Home
20,28,3,Product_28,Home
61,21,5,Product_21,Electronics
35,54,5,Product_54,Books
50,18,5,Product_18,Home
82,36,1,Product_36,Electronics
62,99,2,Product_99,Books
17,45,4,Product_45,Toys
88,73,1,Product_73,Home
3,53,2,Product_53,Home
32,30,2,Product_30,Toys
99,60,3,Product_60,Toys
13,98,3,Product_98,Home
89,32,1,Product_32,Clothing
73,67,3,Product_67,Clothing
68,67,2,Product_67,Clothing
14,28,3,Product_28,Home
98,44,5,Product_44,Books
11,79,3,Product_79,Books
56,41,2,Product_41,Electronics
67,63,1,Product_63,Home
92,23,4,Product_23,Home
29,75,3,Product_75,Toys
9,48,2,Product_48,Home
67,32,4,Product_32,Clothing
25,57,4,Product_57,Clothing
98,100,5,Product_100,Toys
76,33,4,Product_33,Home
42,24,2,Product_24,Books
9,39,2,Product_39,Books
79,34,3,Product_34,Books
40,56,3,Product_56,Electronics
25,28,3,Product_28,Home
5,37,4,Product_37,Clothing
11,7,4,Product_7,Clothing
59,68,5,Product_68,Home
98,37,3,Product_37,Clothing
88,56,1,Product_56,Electronics
79,65,5,Product_65,Toys
38,65,1,Product_65,Toys
72,47,4,Product_47,Clothing
5,20,5,Product_20,Toys
48,19,5,Product_19,Books
90,29,2,Product_29,Books
18,74,4,Product_74,Books
70,60,4,Product_60,Toys
37,18,5,Product_18,Home
60,92,4,Product_92,Clothing
48,35,5,Product_35,Toys
77,43,2,Product_43,Home
28,95,5,Product_95,Toys
69,91,4,Product_91,Electronics
77,11,4,Product_11,Electronics
81,49,5,Product_49,Books
40,38,5,Product_38,Home
45,64,5,Product_64,Books
96,69,3,Product_69,Books
62,8,4,Product_8,Home
93,34,4,Product_34,Books
58,48,3,Product_48,Home
67,56,5,Product_56,Electronics
56,76,2,Product_76,Electronics
40,65,5,Product_65,Toys
98,31,5,Product_31,Electronics
40,4,3,Product_4,Books
91,50,4,Product_50,Toys
77,69,5,Product_69,Books
33,30,4,Product_30,Toys
6,88,1,Product_88,Home
88,59,4,Product_59,Books
19,67,2,Product_67,Clothing
80,75,2,Product_75,Toys
40,45,5,Product_45,Toys
92,4,4,Product_4,Books
97,26,5,Product_26,Electronics
59,27,3,Product_27,Clothing
59,46,2,Product_46,Electronics
48,64,5,Product_64,Books
41,91,3,Product_91,Electronics
13,51,5,Product_51,Electronics
45,50,4,Product_50,Toys
89,6,4,Product_6,Electronics
53,59,4,Product_59,Books
42,15,4,Product_15,Toys
100,30,1,Product_30,Toys
63,42,3,Product_42,Clothing
27,37,3,Product_37,Clothing
38,42,4,Product_42,Clothing
60,35,1,Product_35,Toys
7,87,4,Product_87,Clothing
5,6,1,Product_6,Electronics
45,68,4,Product_68,Home
58,18,2,Product_18,Home
31,73,2,Product_73,Home
23,29,5,Product_29,Books
42,77,4,Product_77,Clothing
10,59,3,Product_59,Books
32,47,5,Product_47,Clothing
53,17,2,Product_17,Clothing
30,96,4,Product_96,Electronics
39,22,5,Product_22,Clothing
31,68,4,Product_68,Home
82,69,2,Product_69,Books
100,37,5,Product_37,Clothing
2,49,2,Product_49,Books
78,13,1,Product_13,Home
77,34,2,Product_34,Books
93,86,4,Product_86,Electronics
12,53,3,Product_53,Home
39,87,2,Product_87,Clothing
66,51,3,Product_51,Electronics
96,3,1,Product_3,Home
13,42,5,Product_42,Clothing
46,98,5,Product_98,Home
27,32,3,Product_32,Clothing
17,51,5,Product_51,Electronics
95,85,2,Product_85,Toys
98,46,3,Product_46,Electronics
60,21,4,Product_21,Electronics
64,44,2,Product_44,Books
88,11,2,Product_11,Electronics
35,68,2,Product_68,Home
70,1,4,Product_1,Electronics
83,92,1,Product_92,Clothing
30,63,5,Product_63,Home
71,24,3,Product_24,Books
74,99,1,Product_99,Books
96,13,3,Product_13,Home
98,98,5,Product_98,Home
63,11,4,Product_11,Electronics
28,100,2,Product_100,Toys
60,51,2,Product_51,Electronics
79,17,4,Product_17,Clothing
94,99,1,Product_99,Books
37,82,1,Product_82,Clothing
93,86,3,Product_86,Electronics
22,24,4,Product_24,Books
68,19,1,Product_19,Books
20,37,4,Product_37,Clothing
96,85,5,Product_85,Toys
100,8,2,Product_8,Home
68,28,2,Product_28,Home
91,5,2,Product_5,Toys
64,17,4,Product_17,Clothing
17,36,4,Product_36,Electronics
12,19,3,Product_19,Books
22,64,2,Product_64,Books
17,91,3,Product_91,Electronics
10,98,2,Product_98,Home
65,11,3,Product_11,Electronics
22,54,3,Product_54,Books
90,45,5,Product_45,Toys
82,47,3,Product_47,Clothing
50,12,4,Product_12,Clothing
14,21,3,Product_21,Electronics
64,11,2,Product_11,Electronics
47,92,3,Product_92,Clothing
29,5,1,Product_5,Toys
76,81,2,Product_81,Electronics
36,56,1,Product_56,Electronics
99,20,2,Product_20,Toys
52,41,4,Product_41,Electronics
76,46,4,Product_46,Electronics
7,12,4,Product_12,Clothing
29,70,1,Product_70,Toys
11,17,5,Product_17,Clothing
33,19,2,Product_19,Books
6,26,4,Product_26,Electronics
79,48,2,Product_48,Home
32,52,1,Product_52,Clothing
51,96,5,Product_96,Electronics
75,70,1,Product_70,Toys
58,55,2,Product_55,Toys
87,100,5,Product_100,Toys
26,75,5,Product_75,Toys
98,33,1,Product_33,Home
46,62,4,Product_62,Clothing
98,88,2,Product_88,Home
29,23,3,Product_23,Home
4,15,3,Product_15,Toys
81,27,1,Product_27,Clothing
99,75,2,Product_75,Toys
13,64,2,Product_64,Books
39,81,1,Product_81,Electronics
15,51,2,Product_51,Electronics
29,53,4,Product_53,Home
29,78,1,Product_78,Home
75,91,4,Product_91,Electronics
32,82,2,Product_82,Clothing
2,92,1,Product_92,Clothing
47,51,2,Product_51,Electronics
78,47,1,Product_47,Clothing
84,4,2,Product_4,Books
22,7,4,Product_7,Clothing
75,35,4,Product_35,Toys
27,48,2,Product_48,Home
67,73,1,Product_73,Home
81,72,3,Product_72,Clothing
56,45,4,Product_45,Toys
92,81,4,Product_81,Electronics
93,81,3,Product_81,Electronics
21,97,2,Product_97,Clothing
47,96,1,Product_96,Electronics
80,72,2,Product_72,Clothing
59,19,5,Product_19,Books
84,63,4,Product_63,Home
6,38,5,Product_38,Home
19,67,4,Product_67,Clothing
57,59,4,Product_59,Books
69,69,5,Product_69,Books
3,13,5,Product_13,Home
1,47,2,Product_47,Clothing
58,61,5,Product_61,Electronics
38,31,2,Product_31,Electronics
15,80,2,Product_80,Toys
34,96,2,Product_96,Electronics
61,22,4,Product_22,Clothing
35,93,4,Product_93,Home
64,86,5,Product_86,Electronics
25,43,4,Product_43,Home
24,67,5,Product_67,Clothing
12,54,4,Product_54,Books
18,10,1,Product_10,Toys
15,42,1,Product_42,Clothing
80,64,5,Product_64,Books
27,21,4,Product_21,Electronics
72,80,4,Product_80,Toys
60,76,2,Product_76,Electronics
46,66,3,Product_66,Electronics
89,41,5,Product_41,Electronics
17,24,3,Product_24,Books
93,35,3,Product_35,Toys
53,56,5,Product_56,Electronics
8,30,4,Product_30,Toys
79,57,5,Product_57,Clothing
27,94,3,Product_94,Books
46,47,4,Product_47,Clothing
50,35,1,Product_35,Toys
71,19,5,Product_19,Books
3,8,5,Product_8,Home
93,26,4,Product_26,Electronics
64,71,1,Product_71,Electronics
44,30,1,Product_30,Toys
53,7,4,Product_7,Clothing
24,67,2,Product_67,Clothing
60,65,5,Product_65,Toys
3,36,5,Product_36,Electronics
20,25,3,Product_25,Toys
46,37,4,Product_37,Clothing
15,1,3,Product_1,Electronics
25,15,3,Product_15,Toys
94,37,1,Product_37,Clothing
78,13,5,Product_13,Home
71,8,3,Product_8,Home
17,5,1,Product_5,Toys
84,60,4,Product_60,Toys
100,73,3,Product_73,Home
9,1,5,Product_1,Electronics
38,36,3,Product_36,Electronics
48,35,4,Product_35,Toys
60,66,3,Product_66,Electronics
63,63,5,Product_63,Home
86,23,1,Product_23,Home
2,9,5,Product_9,Books
88,34,1,Product_34,Books
72,46,2,Product_46,Electronics
11,78,5,Product_78,Home
64,4,5,Product_4,Books
77,30,4,Product_30,Toys
81,95,3,Product_95,Toys
72,75,1,Product_75,Toys
21,99,1,Product_99,Books
18,72,4,Product_72,Clothing
94,3,4,Product_3,Home
64,14,3,Product_14,Books
82,60,3,Product_60,Toys
95,77,5,Product_77,Clothing
38,45,2,Product_45,Toys
32,96,3,Product_96,Electronics
11,34,4,Product_34,Books
45,45,3,Product_45,Toys
89,61,1,Product_61,Electronics
33,83,2,Product_83,Home
41,16,5,Product_16,Electronics
8,66,1,Product_66,Electronics
11,40,1,Product_40,Toys
86,17,2,Product_17,Clothing
51,34,5,Product_34,Books
88,16,4,Product_16,Electronics
41,60,5,Product_60,Toys
17,66,3,Product_66,Electronics
